{"count":1,"self":53.1678624,"total":292.1874841,"children":{"AgentSendState":{"count":56451,"self":1.0131006999999999,"total":27.909128199999998,"children":{"CollectObservations":{"count":101619,"self":0.11720929999999999,"total":0.11720929999999999,"children":null},"CollectDiscreteActionMasks":{"count":101619,"self":0.095764099999999991,"total":0.095764099999999991,"children":null},"AgentInfo.ToProto":{"count":101619,"self":0.5080276,"total":26.6830541,"children":{"GenerateSensorData":{"count":101619,"self":22.741543999999998,"total":26.175026499999998,"children":{"RayPerceptionSensor.Perceive":{"count":101619,"self":3.4334816,"total":3.4334818,"children":null}}}}}}},"DecideAction":{"count":56451,"self":204.49756159999998,"total":204.4975613,"children":null},"AgentAct":{"count":56451,"self":3.1014939999999998,"total":3.1014939,"children":null},"AgentInfo.ToProto":{"count":10215,"self":0.0748131,"total":3.5104423,"children":{"GenerateSensorData":{"count":10215,"self":3.0101853999999997,"total":3.4356291999999997,"children":{"RayPerceptionSensor.Perceive":{"count":10215,"self":0.4254438,"total":0.4254438,"children":null}}}}}},"gauges":{"ObstacleSolver.CumulativeReward":{"count":10215,"max":1,"min":-0.2,"runningAverage":-0.09344132,"value":0,"weightedAverage":-0.0486071333}},"metadata":{"timer_format_version":"0.1.0","start_time_seconds":"1620545333","unity_version":"2020.2.4f1","command_line_arguments":"C:\\Program Files\\Unity\\Hub\\Editor\\2020.2.4f1\\Editor\\Unity.exe -projectpath C:\/Users\/thbay\/Documents\/Unity\/Projects\/Obstacle Course -useHub -hubIPC -cloudEnvironment production -hubSessionId 9edaeee0-aed4-11eb-8cb8-8d52618b8fec -accessToken LDG2i887LV86tZaRRSUi5B05S0cVpAncnG2VXl8q9tw002f","communication_protocol_version":"1.0.0","com.unity.ml-agents_version":"1.0.7","scene_name":"ML_Training","end_time_seconds":"1620545626"}}